1101,台泥＊,上市,水泥
1102,亞泥＊,上市,水泥
1103,嘉泥,上市,水泥
1104,環泥,上市,水泥
1108,幸福,上市,水泥
1109,信大,上市,水泥
1110,東泥,上市,水泥
1201,味全,上市,食品
1203,味王,上市,食品
1210,大成,上市,食品
1213,大飲,上市,食品
1215,卜蜂,上市,食品
1216,統一＊,上市,食品
1217,愛之味,上市,食品
1218,泰山,上市,食品
1219,福壽,上市,食品
1220,台榮,上市,食品
1225,福懋油,上市,食品
1227,佳格＃,上市,食品
1229,聯華,上市,食品
1231,聯華食,上市,食品
1232,大統益,上市,食品
1233,天仁,上市,食品
1234,黑松,上市,食品
1235,興泰,上市,食品
1236,宏亞,上市,食品
1256,鮮活果汁-KY,上市,食品
1702,南僑,上市,食品
1737,臺鹽,上市,食品
1301,台塑＊,上市,塑膠
1303,南亞＊,上市,塑膠
1304,台聚,上市,塑膠
1305,華夏,上市,塑膠
1307,三芳,上市,塑膠
1308,亞聚,上市,塑膠
1309,台達化,上市,塑膠
1310,台苯,上市,塑膠
1312,國喬,上市,塑膠
1313,聯成,上市,塑膠
1314,中石化,上市,塑膠
1315,達新,上市,塑膠
1319,東陽＃,上市,塑膠
1321,大洋,上市,塑膠
1323,永裕,上市,塑膠
1324,地球,上市,塑膠
1325,恆大,上市,塑膠
1326,台化＊,上市,塑膠
1337,再生-KY,上市,塑膠
1339,昭輝,上市,塑膠
1340,勝悅-KY,上市,塑膠
1715,萬洲,上市,塑膠
4306,炎洲,上市,塑膠
1402,遠東新＊,上市,紡織纖維
1409,新纖,上市,紡織纖維
1410,南染,上市,紡織纖維
1413,宏洲,上市,紡織纖維
1414,東和,上市,紡織纖維
1416,廣豐,上市,紡織纖維
1417,嘉裕,上市,紡織纖維
1418,東華,上市,紡織纖維
1419,新紡,上市,紡織纖維
1423,利華,上市,紡織纖維
1432,大魯閣,上市,紡織纖維
1434,福懋＃,上市,紡織纖維
1439,中和,上市,紡織纖維
1440,南紡＃,上市,紡織纖維
1441,大東,上市,紡織纖維
1443,立益,上市,紡織纖維
1444,力麗,上市,紡織纖維
1445,大宇,上市,紡織纖維
1446,宏和,上市,紡織纖維
1447,力鵬,上市,紡織纖維
1449,佳和,上市,紡織纖維
1451,年興,上市,紡織纖維
1452,宏益,上市,紡織纖維
1453,大將,上市,紡織纖維
1454,台富,上市,紡織纖維
1455,集盛,上市,紡織纖維
1456,怡華,上市,紡織纖維
1457,宜進,上市,紡織纖維
1459,聯發,上市,紡織纖維
1460,宏遠,上市,紡織纖維
1463,強盛,上市,紡織纖維
1464,得力,上市,紡織纖維
1465,偉全,上市,紡織纖維
1466,聚隆,上市,紡織纖維
1467,南緯,上市,紡織纖維
1468,昶和,上市,紡織纖維
1469,理隆,上市,紡織纖維
1470,大統染,上市,紡織纖維
1472,三洋紡,上市,紡織纖維
1473,台南,上市,紡織纖維
1474,弘裕,上市,紡織纖維
1475,本盟,上市,紡織纖維
1476,儒鴻＊,上市,紡織纖維
1477,聚陽＃,上市,紡織纖維
4414,如興,上市,紡織纖維
4426,利勤,上市,紡織纖維
1503,士電,上市,電機機械
1504,東元＃,上市,電機機械
1506,正道,上市,電機機械
1507,永大,上市,電機機械
1512,瑞利,上市,電機機械
1513,中興電,上市,電機機械
1514,亞力,上市,電機機械
1515,力山,上市,電機機械
1517,利奇,上市,電機機械
1519,華城,上市,電機機械
1521,大億,上市,電機機械
1522,堤維西,上市,電機機械
1524,耿鼎,上市,電機機械
1525,江申,上市,電機機械
1526,日馳,上市,電機機械
1527,鑽全,上市,電機機械
1528,恩德,上市,電機機械
1529,樂士,上市,電機機械
1530,亞崴,上市,電機機械
1531,高林股,上市,電機機械
1532,勤美,上市,電機機械
1533,車王電,上市,電機機械
1535,中宇,上市,電機機械
1536,和大＃,上市,電機機械
1537,廣隆,上市,電機機械
1538,正峰新,上市,電機機械
1539,巨庭,上市,電機機械
1540,喬福,上市,電機機械
1541,錩泰,上市,電機機械
1558,伸興,上市,電機機械
1560,中砂,上市,電機機械
1583,程泰,上市,電機機械
1589,永冠-KY＃,上市,電機機械
1590,亞德客-KY＃,上市,電機機械
2049,上銀＃,上市,電機機械
2228,劍麟,上市,電機機械
2231,為升＃,上市,電機機械
2371,大同,上市,電機機械
3167,大量,上市,電機機械
4526,東台,上市,電機機械
4532,瑞智,上市,電機機械
6605,帝寶,上市,電機機械
8374,羅昇,上市,電機機械
8996,高力,上市,電機機械
1603,華電,上市,電器電纜
1604,聲寶,上市,電器電纜
1605,華新＃,上市,電器電纜
1608,華榮,上市,電器電纜
1609,大亞,上市,電器電纜
1611,中電,上市,電器電纜
1612,宏泰,上市,電器電纜
1613,台一,上市,電器電纜
1614,三洋電,上市,電器電纜
1615,大山,上市,電器電纜
1616,億泰,上市,電器電纜
1617,榮星,上市,電器電纜
1618,合機,上市,電器電纜
1626,艾美特-KY,上市,電器電纜
4930,燦星網,上市,電器電纜
1316,上曜,上市,化工
1704,榮化＃,上市,化工
1708,東鹼,上市,化工
1709,和益,上市,化工
1710,東聯,上市,化工
1711,永光,上市,化工
1712,興農,上市,化工
1713,國化,上市,化工
1714,和桐,上市,化工
1717,長興＃,上市,化工
1718,中纖,上市,化工
1721,三晃,上市,化工
1722,台肥＃,上市,化工
1723,中碳＃,上市,化工
1724,台硝,上市,化工
1725,元禎,上市,化工
1726,永記,上市,化工
1727,中華化,上市,化工
1730,花仙子,上市,化工
1732,毛寶,上市,化工
1735,日勝化,上市,化工
1773,勝一,上市,化工
4720,德淵,上市,化工
4722,國精化,上市,化工
4725,信昌化,上市,化工
4733,上緯,上市,化工
4755,三福化,上市,化工
1701,中化,上市,生技醫療
1707,葡萄王＃,上市,生技醫療
1720,生達,上市,生技醫療
1729,必翔,上市,生技醫療
1731,美吾華,上市,生技醫療
1733,五鼎,上市,生技醫療
1734,杏輝,上市,生技醫療
1736,喬山,上市,生技醫療
1762,中化生,上市,生技醫療
1783,和康生,上市,生技醫療
1786,科妍,上市,生技醫療
1789,神隆＃,上市,生技醫療
3164,景岳,上市,生技醫療
3705,永信,上市,生技醫療
4104,佳醫,上市,生技醫療
4106,雃博,上市,生技醫療
4108,懷特,上市,生技醫療
4119,旭富,上市,生技醫療
4133,亞諾法,上市,生技醫療
4137,麗豐-KY,上市,生技醫療
4141,龍燈-KY,上市,生技醫療
4142,國光生,上市,生技醫療
4144,康聯-KY,上市,生技醫療
4164,承業醫,上市,生技醫療
4737,華廣,上市,生技醫療
4746,台耀,上市,生技醫療
1802,台玻＃,上市,玻璃陶瓷
1806,冠軍,上市,玻璃陶瓷
1809,中釉,上市,玻璃陶瓷
1810,和成,上市,玻璃陶瓷
1817,凱撒衛,上市,玻璃陶瓷
1902,台紙,上市,造紙
1903,士紙,上市,造紙
1904,正隆,上市,造紙
1905,華紙,上市,造紙
1906,寶隆,上市,造紙
1907,永豐餘,上市,造紙
1909,榮成,上市,造紙
2002,中鋼＊,上市,鋼鐵
2006,東和鋼鐵,上市,鋼鐵
2007,燁興,上市,鋼鐵
2008,高興昌,上市,鋼鐵
2009,第一銅,上市,鋼鐵
2010,春源,上市,鋼鐵
2012,春雨,上市,鋼鐵
2013,中鋼構,上市,鋼鐵
2014,中鴻,上市,鋼鐵
2015,豐興＃,上市,鋼鐵
2017,官田鋼,上市,鋼鐵
2020,美亞,上市,鋼鐵
2022,聚亨,上市,鋼鐵
2023,燁輝,上市,鋼鐵
2024,志聯,上市,鋼鐵
2025,千興,上市,鋼鐵
2027,大成鋼,上市,鋼鐵
2028,威致,上市,鋼鐵
2029,盛餘,上市,鋼鐵
2030,彰源,上市,鋼鐵
2031,新光鋼,上市,鋼鐵
2032,新鋼,上市,鋼鐵
2033,佳大,上市,鋼鐵
2034,允強,上市,鋼鐵
2038,海光,上市,鋼鐵
3004,豐達科,上市,鋼鐵
5007,三星,上市,鋼鐵
5538,東明-KY,上市,鋼鐵
9958,世紀鋼,上市,鋼鐵
2101,南港＃,上市,橡膠
2102,泰豐,上市,橡膠
2103,台橡＃,上市,橡膠
2104,中橡,上市,橡膠
2105,正新＊,上市,橡膠
2106,建大＃,上市,橡膠
2107,厚生,上市,橡膠
2108,南帝,上市,橡膠
2109,華豐,上市,橡膠
2114,鑫永銓,上市,橡膠
2115,六暉-KY,上市,橡膠
1338,廣華-KY,上市,汽車
2201,裕隆＃,上市,汽車
2204,中華＃,上市,汽車
2206,三陽工業＃,上市,汽車
2207,和泰車＊,上市,汽車
2227,裕日車,上市,汽車
1437,勤益控,上市,半導體
2302,麗正,上市,半導體
2303,聯電＊,上市,半導體
2311,日月光＊,上市,半導體
2325,矽品＊,上市,半導體
2329,華泰,上市,半導體
2330,台積電＊,上市,半導體
2337,旺宏,上市,半導體
2338,光罩,上市,半導體
2342,茂矽,上市,半導體
2344,華邦電＃,上市,半導體
2351,順德,上市,半導體
2363,矽統,上市,半導體
2369,菱生,上市,半導體
2379,瑞昱＃,上市,半導體
2388,威盛,上市,半導體
2401,凌陽,上市,半導體
2408,南亞科＊,上市,半導體
2434,統懋,上市,半導體
2436,偉詮電,上市,半導體
2441,超豐,上市,半導體
2449,京元電子＃,上市,半導體
2451,創見＃,上市,半導體
2454,聯發科＊,上市,半導體
2458,義隆,上市,半導體
2481,強茂,上市,半導體
3006,晶豪科,上市,半導體
3014,聯陽,上市,半導體
3016,嘉晶,上市,半導體
3034,聯詠＃,上市,半導體
3035,智原,上市,半導體
3041,揚智,上市,半導體
3054,立萬利,上市,半導體
3094,聯傑,上市,半導體
3189,景碩＃,上市,半導體
3257,虹冠電,上市,半導體
3443,創意,上市,半導體
3474,華亞科＊,上市,半導體
3519,綠能,上市,半導體
3532,台勝科,上市,半導體
3536,誠創,上市,半導體
3545,敦泰,上市,半導體
3559,全智科,上市,半導體
3579,尚志,上市,半導體
3583,辛耘,上市,半導體
3588,通嘉,上市,半導體
3686,達能,上市,半導體
4919,新唐,上市,半導體
4952,凌通,上市,半導體
5269,祥碩,上市,半導體
5285,界霖,上市,半導體
5305,敦南,上市,半導體
5471,松翰,上市,半導體
6202,盛群,上市,半導體
6239,力成＃,上市,半導體
6243,迅杰,上市,半導體
6257,矽格,上市,半導體
6271,同欣電,上市,半導體
6415,矽力-KY＃,上市,半導體
8016,矽創,上市,半導體
8081,致新,上市,半導體
8110,華東,上市,半導體
8131,福懋科,上市,半導體
8150,南茂＃,上市,半導體
8261,富鼎,上市,半導體
8271,宇瞻,上市,半導體
2301,光寶科＊,上市,電腦及週邊設備
2305,全友,上市,電腦及週邊設備
2324,仁寶＊,上市,電腦及週邊設備
2331,精英,上市,電腦及週邊設備
2352,佳世達＃,上市,電腦及週邊設備
2353,宏碁＃,上市,電腦及週邊設備
2356,英業達＃,上市,電腦及週邊設備
2357,華碩＊,上市,電腦及週邊設備
2358,廷鑫,上市,電腦及週邊設備
2362,藍天＃,上市,電腦及週邊設備
2364,倫飛,上市,電腦及週邊設備
2365,昆盈,上市,電腦及週邊設備
2376,技嘉＃,上市,電腦及週邊設備
2377,微星＃,上市,電腦及週邊設備
2380,虹光,上市,電腦及週邊設備
2382,廣達＊,上市,電腦及週邊設備
2387,精元,上市,電腦及週邊設備
2395,研華＊,上市,電腦及週邊設備
2397,友通,上市,電腦及週邊設備
2399,映泰,上市,電腦及週邊設備
2405,浩鑫,上市,電腦及週邊設備
2417,圓剛,上市,電腦及週邊設備
2424,隴華,上市,電腦及週邊設備
2425,承啟,上市,電腦及週邊設備
2442,新美齊,上市,電腦及週邊設備
2465,麗臺,上市,電腦及週邊設備
3002,歐格,上市,電腦及週邊設備
3005,神基,上市,電腦及週邊設備
3013,晟銘電,上市,電腦及週邊設備
3017,奇鋐,上市,電腦及週邊設備
3022,威強電,上市,電腦及週邊設備
3046,建碁,上市,電腦及週邊設備
3057,喬鼎,上市,電腦及週邊設備
3060,銘異,上市,電腦及週邊設備
3231,緯創＃,上市,電腦及週邊設備
3416,融程電,上市,電腦及週邊設備
3494,誠研,上市,電腦及週邊設備
3515,華擎,上市,電腦及週邊設備
3701,大眾控,上市,電腦及週邊設備
3706,神達,上市,電腦及週邊設備
4915,致伸,上市,電腦及週邊設備
4916,事欣科,上市,電腦及週邊設備
4938,和碩＊,上市,電腦及週邊設備
5215,科嘉-KY,上市,電腦及週邊設備
5264,鎧勝-KY＃,上市,電腦及週邊設備
6117,迎廣,上市,電腦及週邊設備
6128,上福,上市,電腦及週邊設備
6166,凌華,上市,電腦及週邊設備
6172,互億,上市,電腦及週邊設備
6206,飛捷,上市,電腦及週邊設備
6230,超眾,上市,電腦及週邊設備
6235,華孚,上市,電腦及週邊設備
6277,宏正,上市,電腦及週邊設備
6414,樺漢＃,上市,電腦及週邊設備
8114,振樺電,上市,電腦及週邊設備
8163,達方,上市,電腦及週邊設備
8210,勤誠,上市,電腦及週邊設備
9912,偉聯,上市,電腦及週邊設備
2323,中環,上市,光電
2340,光磊,上市,光電
2349,錸德,上市,光電
2374,佳能,上市,光電
2393,億光,上市,光電
2406,國碩,上市,光電
2409,友達＊,上市,光電
2426,鼎元,上市,光電
2438,翔耀,上市,光電
2448,晶電＃,上市,光電
2466,冠西電,上市,光電
2475,華映,上市,光電
2486,一詮,上市,光電
2489,瑞軒,上市,光電
2491,吉祥全,上市,光電
2499,東貝,上市,光電
3008,大立光＊,上市,光電
3019,亞光,上市,光電
3024,憶聲,上市,光電
3031,佰鴻,上市,光電
3038,全台,上市,光電
3049,和鑫,上市,光電
3050,鈺德,上市,光電
3051,力特,上市,光電
3059,華晶科,上市,光電
3149,正達,上市,光電
3356,奇偶,上市,光電
3383,新世紀,上市,光電
3406,玉晶光,上市,光電
3454,晶睿,上市,光電
3481,群創＊,上市,光電
3504,揚明光,上市,光電
3514,昱晶,上市,光電
3535,晶彩科,上市,光電
3557,嘉威,上市,光電
3561,昇陽光電,上市,光電
3573,穎台,上市,光電
3576,新日光,上市,光電
3584,介面,上市,光電
3591,艾笛森,上市,光電
3622,洋華,上市,光電
3669,圓展,上市,光電
3673,TPK-KY＃,上市,光電
3698,隆達,上市,光電
4934,太極,上市,光電
4935,茂林-KY,上市,光電
4942,嘉彰,上市,光電
4956,光鋐,上市,光電
4960,奇美材,上市,光電
4976,佳凌,上市,光電
5234,達興材料,上市,光電
5243,乙盛-KY,上市,光電
5259,清惠,上市,光電
5484,慧友,上市,光電
6116,彩晶,上市,光電
6120,達運,上市,光電
6131,悠克,上市,光電
6164,華興,上市,光電
6168,宏齊,上市,光電
6176,瑞儀＃,上市,光電
6209,今國光,上市,光電
6225,天瀚,上市,光電
6226,光鼎,上市,光電
6278,台表科,上市,光電
6289,華上,上市,光電
6405,悅城,上市,光電
8072,陞泰,上市,光電
8105,凌巨,上市,光電
8215,明基材,上市,光電
2314,台揚,上市,通信網路
2321,東訊,上市,通信網路
2332,友訊,上市,通信網路
2345,智邦,上市,通信網路
2412,中華電＊,上市,通信網路
2419,仲琦,上市,通信網路
2439,美律,上市,通信網路
2444,友旺,上市,通信網路
2450,神腦,上市,通信網路
2455,全新,上市,通信網路
2485,兆赫,上市,通信網路
2496,卓越,上市,通信網路
2498,宏達電＃,上市,通信網路
3025,星通,上市,通信網路
3027,盛達,上市,通信網路
3045,台灣大＊,上市,通信網路
3047,訊舟,上市,通信網路
3062,建漢,上市,通信網路
3311,閎暉,上市,通信網路
3380,明泰,上市,通信網路
3419,譁裕,上市,通信網路
3596,智易,上市,通信網路
3682,亞太電＃,上市,通信網路
3694,海華,上市,通信網路
3704,合勤控,上市,通信網路
4904,遠傳＊,上市,通信網路
4906,正文,上市,通信網路
4977,眾達-KY,上市,通信網路
4984,科納-KY,上市,通信網路
5388,中磊,上市,通信網路
6136,富爾特,上市,通信網路
6142,友勁,上市,通信網路
6152,百一,上市,通信網路
6216,居易,上市,通信網路
6283,淳安,上市,通信網路
6285,啟碁＃,上市,通信網路
8011,台通,上市,通信網路
8101,華冠,上市,通信網路
1471,首利,上市,電子零組件
1582,信錦,上市,電子零組件
2059,川湖＃,上市,電子零組件
2308,台達電＊,上市,電子零組件
2313,華通＃,上市,電子零組件
2316,楠梓電,上市,電子零組件
2327,國巨＃,上市,電子零組件
2328,廣宇,上市,電子零組件
2355,敬鵬＃,上市,電子零組件
2367,燿華,上市,電子零組件
2368,金像電,上市,電子零組件
2375,智寶,上市,電子零組件
2383,台光電,上市,電子零組件
2385,群光＃,上市,電子零組件
2392,正崴＃,上市,電子零組件
2402,毅嘉,上市,電子零組件
2413,環科,上市,電子零組件
2415,錩新,上市,電子零組件
2420,新巨,上市,電子零組件
2421,建準,上市,電子零組件
2428,興勤,上市,電子零組件
2429,銘旺科,上市,電子零組件
2431,聯昌,上市,電子零組件
2437,旺詮,上市,電子零組件
2440,太空梭,上市,電子零組件
2443,新利虹,上市,電子零組件
2456,奇力新,上市,電子零組件
2457,飛宏,上市,電子零組件
2460,建通,上市,電子零組件
2462,良得電,上市,電子零組件
2467,志聖,上市,電子零組件
2472,立隆電,上市,電子零組件
2476,鉅祥,上市,電子零組件
2478,大毅,上市,電子零組件
2483,百容,上市,電子零組件
2484,希華,上市,電子零組件
2492,華新科,上市,電子零組件
2493,揚博,上市,電子零組件
3003,健和興,上市,電子零組件
3011,今皓,上市,電子零組件
3015,全漢,上市,電子零組件
3021,鴻名,上市,電子零組件
3023,信邦,上市,電子零組件
3026,禾伸堂,上市,電子零組件
3032,偉訓,上市,電子零組件
3037,欣興＃,上市,電子零組件
3042,晶技,上市,電子零組件
3044,健鼎＃,上市,電子零組件
3058,立德,上市,電子零組件
3090,日電貿,上市,電子零組件
3229,晟鈦,上市,電子零組件
3296,勝德,上市,電子零組件
3308,聯德,上市,電子零組件
3338,泰碩,上市,電子零組件
3376,新日興,上市,電子零組件
3432,台端,上市,電子零組件
3501,維熹,上市,電子零組件
3533,嘉澤,上市,電子零組件
3550,聯穎,上市,電子零組件
3593,力銘,上市,電子零組件
3605,宏致,上市,電子零組件
3607,谷崧,上市,電子零組件
3645,達邁,上市,電子零組件
3653,健策,上市,電子零組件
3679,新至陞,上市,電子零組件
4912,聯德-KY,上市,電子零組件
4927,泰鼎-KY,上市,電子零組件
4958,臻鼎-KY＃,上市,電子零組件
4999,鑫禾,上市,電子零組件
5469,瀚宇博,上市,電子零組件
6108,競國,上市,電子零組件
6115,鎰勝,上市,電子零組件
6133,金橋,上市,電子零組件
6141,柏承,上市,電子零組件
6153,嘉聯益,上市,電子零組件
6155,鈞寶,上市,電子零組件
6165,捷泰,上市,電子零組件
6191,精成科,上市,電子零組件
6197,佳必琪,上市,電子零組件
6205,詮欣,上市,電子零組件
6213,聯茂,上市,電子零組件
6224,聚鼎,上市,電子零組件
6251,定穎,上市,電子零組件
6269,台郡＃,上市,電子零組件
6282,康舒,上市,電子零組件
6412,群電,上市,電子零組件
8039,台虹,上市,電子零組件
8046,南電,上市,電子零組件
8103,瀚荃,上市,電子零組件
8213,志超,上市,電子零組件
8249,菱光,上市,電子零組件
2347,聯強＃,上市,電子通路
2414,精技,上市,電子通路
2430,燦坤,上市,電子通路
2459,敦吉,上市,電子通路
3010,華立,上市,電子通路
3028,增你強,上市,電子通路
3033,威健,上市,電子通路
3036,文曄,上市,電子通路
3048,益登,上市,電子通路
3055,蔚華科,上市,電子通路
3209,全科,上市,電子通路
3312,弘憶股,上市,電子通路
3315,宣昶,上市,電子通路
3528,安馳,上市,電子通路
3702,大聯大＃,上市,電子通路
5434,崇越,上市,電子通路
6145,勁永,上市,電子通路
6189,豐藝,上市,電子通路
6281,全國電,上市,電子通路
8070,長華,上市,電子通路
8112,至上,上市,電子通路
2427,三商電,上市,資訊服務
2453,凌群,上市,資訊服務
2468,華經,上市,資訊服務
2471,資通,上市,資訊服務
2480,敦陽科,上市,資訊服務
3029,零壹,上市,資訊服務
3130,一零四,上市,資訊服務
4994,傳奇,上市,資訊服務
5203,訊連,上市,資訊服務
6112,聚碩,上市,資訊服務
6183,關貿,上市,資訊服務
6214,精誠,上市,資訊服務
2312,金寶,上市,其他電子
2317,鴻海＊,上市,其他電子
2354,鴻準＊,上市,其他電子
2359,所羅門,上市,其他電子
2360,致茂＃,上市,其他電子
2373,震旦行,上市,其他電子
2390,云辰,上市,其他電子
2404,漢唐,上市,其他電子
2423,固緯,上市,其他電子
2433,互盛電,上市,其他電子
2461,光群雷,上市,其他電子
2464,盟立,上市,其他電子
2474,可成＊,上市,其他電子
2477,美隆電,上市,其他電子
2482,連宇,上市,其他電子
2488,漢平,上市,其他電子
2495,普安,上市,其他電子
2497,怡利電,上市,其他電子
3018,同開,上市,其他電子
3030,德律,上市,其他電子
3043,科風,上市,其他電子
3305,昇貿,上市,其他電子
3450,聯鈞,上市,其他電子
3518,柏騰,上市,其他電子
3617,碩天,上市,其他電子
3665,貿聯-KY,上市,其他電子
5225,東科-KY,上市,其他電子
6139,亞翔,上市,其他電子
6192,巨路,上市,其他電子
6196,帆宣,上市,其他電子
6201,亞弘電,上市,其他電子
6215,和椿,上市,其他電子
6409,旭隼＃,上市,其他電子
8021,尖點,上市,其他電子
8201,無敵,上市,其他電子
1436,華友聯,上市,建材營造
1438,裕豐,上市,建材營造
1442,名軒,上市,建材營造
1805,寶徠,上市,建材營造
1808,潤隆,上市,建材營造
2501,國建＃,上市,建材營造
2504,國產,上市,建材營造
2505,國揚,上市,建材營造
2506,太設,上市,建材營造
2509,全坤建,上市,建材營造
2511,太子,上市,建材營造
2515,中工,上市,建材營造
2516,新建,上市,建材營造
2520,冠德,上市,建材營造
2524,京城,上市,建材營造
2527,宏璟,上市,建材營造
2528,皇普,上市,建材營造
2530,華建,上市,建材營造
2534,宏盛,上市,建材營造
2535,達欣工,上市,建材營造
2536,宏普,上市,建材營造
2537,聯上發,上市,建材營造
2538,基泰,上市,建材營造
2539,櫻花建,上市,建材營造
2540,愛山林,上市,建材營造
2542,興富發＃,上市,建材營造
2543,皇昌,上市,建材營造
2545,皇翔,上市,建材營造
2546,根基,上市,建材營造
2547,日勝生,上市,建材營造
2548,華固,上市,建材營造
2597,潤弘,上市,建材營造
2841,台開,上市,建材營造
2923,鼎固-KY,上市,建材營造
3052,夆典,上市,建材營造
3056,總太,上市,建材營造
3266,昇陽,上市,建材營造
3703,欣陸,上市,建材營造
5515,建國,上市,建材營造
5519,隆大,上市,建材營造
5521,工信,上市,建材營造
5522,遠雄＃,上市,建材營造
5525,順天,上市,建材營造
5531,鄉林,上市,建材營造
5533,皇鼎,上市,建材營造
5534,長虹,上市,建材營造
6177,達麗,上市,建材營造
9906,欣巴巴,上市,建材營造
9946,三發地產,上市,建材營造
2208,台船,上市,航運業
2603,長榮＃,上市,航運業
2605,新興,上市,航運業
2606,裕民＃,上市,航運業
2607,榮運,上市,航運業
2608,大榮,上市,航運業
2609,陽明＃,上市,航運業
2610,華航＃,上市,航運業
2611,志信,上市,航運業
2612,中航,上市,航運業
2613,中櫃,上市,航運業
2615,萬海＃,上市,航運業
2617,台航,上市,航運業
2618,長榮航＃,上市,航運業
2637,慧洋-KY,上市,航運業
2642,宅配通,上市,航運業
5607,遠雄港,上市,航運業
5608,四維航,上市,航運業
6702,興航,上市,航運業
2701,萬企,上市,觀光
2702,華園,上市,觀光
2704,國賓,上市,觀光
2705,六福,上市,觀光
2706,第一店,上市,觀光
2707,晶華＃,上市,觀光
2712,遠雄來,上市,觀光
2722,夏都,上市,觀光
2723,美食-KY＃,上市,觀光
2727,王品,上市,觀光
2731,雄獅,上市,觀光
5706,鳳凰,上市,觀光
8940,新天地,上市,觀光
9943,好樂迪,上市,觀光
2801,彰銀＊,上市,金融保險
2809,京城銀＃,上市,金融保險
2812,台中銀＃,上市,金融保險
2816,旺旺保,上市,金融保險
2820,華票,上市,金融保險
2823,中壽＃,上市,金融保險
2832,台產,上市,金融保險
2833,台壽保,上市,金融保險
2834,臺企銀＃,上市,金融保險
2836,高雄銀,上市,金融保險
2837,凱基銀,上市,金融保險
2838,聯邦銀,上市,金融保險
2845,遠東銀＃,上市,金融保險
2847,大眾銀,上市,金融保險
2849,安泰銀＃,上市,金融保險
2850,新產,上市,金融保險
2851,中再保,上市,金融保險
2852,第一保,上市,金融保險
2855,統一證,上市,金融保險
2856,元富證,上市,金融保險
2867,三商壽＃,上市,金融保險
2880,華南金＊,上市,金融保險
2881,富邦金＊,上市,金融保險
2882,國泰金＊,上市,金融保險
2883,開發金＊,上市,金融保險
2884,玉山金＊,上市,金融保險
2885,元大金＊,上市,金融保險
2886,兆豐金＊,上市,金融保險
2887,台新金＊,上市,金融保險
2888,新光金＃,上市,金融保險
2889,國票金,上市,金融保險
2890,永豐金＊,上市,金融保險
2891,中信金＊,上市,金融保險
2892,第一金＊,上市,金融保險
5880,合庫金＊,上市,金融保險
6005,群益證＃,上市,金融保險
2601,益航,上市,貿易百貨
2614,東森,上市,貿易百貨
2901,欣欣,上市,貿易百貨
2903,遠百＃,上市,貿易百貨
2905,三商,上市,貿易百貨
2906,高林,上市,貿易百貨
2908,特力,上市,貿易百貨
2910,統領,上市,貿易百貨
2911,麗嬰房,上市,貿易百貨
2912,統一超＊,上市,貿易百貨
2913,農林,上市,貿易百貨
2915,潤泰全＃,上市,貿易百貨
2929,淘帝-KY,上市,貿易百貨
5906,台南-KY,上市,貿易百貨
5907,大洋-KY,上市,貿易百貨
8429,金麗-KY,上市,貿易百貨
2616,山隆,上市,油電燃氣
6505,台塑化＊,上市,油電燃氣
8926,台汽電,上市,油電燃氣
9908,大台北,上市,油電燃氣
9918,欣天然,上市,油電燃氣
9926,新海,上市,油電燃氣
9931,欣高,上市,油電燃氣
9937,全國,上市,油電燃氣
9103,美德醫療-DR,上市,存託憑證
910322,康師傅-DR,上市,存託憑證
910482,聖馬丁-DR,上市,存託憑證
9105,泰金寶-DR,上市,存託憑證
9106,新焦點-DR,上市,存託憑證
910708,恒大健-DR,上市,存託憑證
910801,金衛-DR,上市,存託憑證
910861,神州-DR,上市,存託憑證
9110,越南控-DR,上市,存託憑證
911608,明輝-DR,上市,存託憑證
911611,中泰山-DR,上市,存託憑證
911616,杜康-DR,上市,存託憑證
911619,耀傑-DR,上市,存託憑證
911622,泰聚亨-DR,上市,存託憑證
911626,MSH-DR,上市,存託憑證
911868,同方友友-DR,上市,存託憑證
912000,晨訊科-DR,上市,存託憑證
912398,友佳-DR,上市,存託憑證
9136,巨騰-DR,上市,存託憑證
9157,陽光能源-DR,上市,存託憑證
9188,精熙-DR,上市,存託憑證
1262,綠悅-KY＃,上市,其他
1435,中福,上市,其他
1516,川飛,上市,其他
2062,橋椿,上市,其他
2348,海悅,上市,其他
2514,龍邦,上市,其他
2904,匯僑,上市,其他
3040,遠見,上市,其他
4536,拓凱,上市,其他
5871,中租-KY＃,上市,其他
6184,大豐電,上市,其他
6504,南六,上市,其他
8033,雷虎,上市,其他
8404,百和興業-KY,上市,其他
8411,福貞-KY,上市,其他
8422,可寧衛,上市,其他
8427,基勝-KY,上市,其他
9802,鈺齊-KY,上市,其他
9902,台火,上市,其他
9904,寶成＊,上市,其他
9905,大華,上市,其他
9907,統一實＃,上市,其他
9910,豐泰＃,上市,其他
9911,櫻花,上市,其他
9914,美利達＃,上市,其他
9917,中保＃,上市,其他
9919,康那香,上市,其他
9921,巨大＃,上市,其他
9924,福興,上市,其他
9925,新保,上市,其他
9927,泰銘,上市,其他
9928,中視,上市,其他
9929,秋雨,上市,其他
9930,中聯資源,上市,其他
9933,中鼎＃,上市,其他
9934,成霖,上市,其他
9935,慶豐富,上市,其他
9938,百和＃,上市,其他
9939,宏全,上市,其他
9940,信義,上市,其他
9941,裕融,上市,其他
9942,茂順,上市,其他
9944,新麗,上市,其他
9945,潤泰新＃,上市,其他
9955,佳龍,上市,其他
0050,元大台灣50,上市,基金
0051,元大中型100,上市,基金
0052,FB科技,上市,基金
0053,元大電子,上市,基金
0054,元大台商50,上市,基金
0055,元大MSCI金融,上市,基金
0056,元大高股息,上市,基金
0057,FB摩台,上市,基金
0058,FB發達,上市,基金
0059,FB金融,上市,基金
0061,元大寶滬深,上市,基金
006203,元大MSCI台灣,上市,基金
006204,永豐臺灣加權,上市,基金
006205,FB上証,上市,基金
006206,元大上證50,上市,基金
006207,FH滬深,上市,基金
006208,FB台50,上市,基金
008201,BP上證50,上市,基金
01001T,土銀富邦R1,上市,基金
01002T,土銀國泰R1,上市,基金
01003T,兆豐新光R1,上市,基金
01004T,土銀富邦R2,上市,基金
01007T,兆豐國泰R2,上市,基金
1258,其祥-KY,上櫃,食品
4205,中華食,上櫃,食品
4207,環泰,上櫃,食品
4712,南璋,上櫃,食品
4303,信立,上櫃,塑膠
4304,勝昱,上櫃,塑膠
4305,世坤,上櫃,塑膠
6508,惠光,上櫃,塑膠
8354,冠好,上櫃,塑膠
9950,萬國通,上櫃,塑膠
4401,東隆興,上櫃,紡織纖維
4402,福大,上櫃,紡織纖維
4406,新昕纖,上櫃,紡織纖維
4413,飛寶,上櫃,紡織纖維
4417,金洲,上櫃,紡織纖維
4419,松懋,上櫃,紡織纖維
4420,光明,上櫃,紡織纖維
4429,聚紡,上櫃,紡織纖維
4432,銘旺實,上櫃,紡織纖維
1566,捷邦,上櫃,電機機械
1570,力肯,上櫃,電機機械
1580,新麥,上櫃,電機機械
1586,和勤,上櫃,電機機械
1591,駿吉-KY,上櫃,電機機械
1597,直得,上櫃,電機機械
1599,宏佳騰,上櫃,電機機械
2066,世德,上櫃,電機機械
2230,泰茂,上櫃,電機機械
2233,宇隆,上櫃,電機機械
3162,精確,上櫃,電機機械
3226,至寶電,上櫃,電機機械
3379,彬台,上櫃,電機機械
4502,健信,上櫃,電機機械
4503,金雨,上櫃,電機機械
4506,崇友,上櫃,電機機械
4510,高鋒,上櫃,電機機械
4513,福裕,上櫃,電機機械
4523,永彰,上櫃,電機機械
4527,方土霖,上櫃,電機機械
4528,江興鍛,上櫃,電機機械
4530,宏易,上櫃,電機機械
4533,協易機,上櫃,電機機械
4534,慶騰,上櫃,電機機械
4535,至興,上櫃,電機機械
6122,擎邦,上櫃,電機機械
6603,富強鑫,上櫃,電機機械
6609,瀧澤科,上櫃,電機機械
8083,瑞穎,上櫃,電機機械
8107,大億科,上櫃,電機機械
8255,朋程,上櫃,電機機械
9951,皇田,上櫃,電機機械
2061,風青,上櫃,電器電纜
4609,唐鋒,上櫃,電器電纜
1742,台蠟,上櫃,化工
1787,福盈科,上櫃,化工
4702,中美實,上櫃,化工
4706,大恭,上櫃,化工
4707,磐亞,上櫃,化工
4711,永純,上櫃,化工
4714,永捷,上櫃,化工
4716,大立,上櫃,化工
4721,美琪瑪,上櫃,化工
4739,康普,上櫃,化工
6506,雙邦,上櫃,化工
6509,聚和,上櫃,化工
1565,精華,上櫃,生技醫療
1593,祺驊,上櫃,生技醫療
1752,南光,上櫃,生技醫療
1777,生泰,上櫃,生技醫療
1781,合世,上櫃,生技醫療
1784,訊聯,上櫃,生技醫療
1788,杏昌,上櫃,生技醫療
1795,美時,上櫃,生技醫療
1799,易威,上櫃,生技醫療
1813,寶利徠,上櫃,生技醫療
3118,進階,上櫃,生技醫療
3176,基亞,上櫃,生技醫療
3205,佰研,上櫃,生技醫療
3218,大學光,上櫃,生技醫療
4102,永日,上櫃,生技醫療
4103,百略,上櫃,生技醫療
4105,東洋,上櫃,生技醫療
4107,邦特,上櫃,生技醫療
4109,穆拉德,上櫃,生技醫療
4111,濟生,上櫃,生技醫療
4114,健喬,上櫃,生技醫療
4120,友華,上櫃,生技醫療
4121,優盛,上櫃,生技醫療
4123,晟德,上櫃,生技醫療
4126,太醫,上櫃,生技醫療
4127,天良,上櫃,生技醫療
4128,中天,上櫃,生技醫療
4129,聯合,上櫃,生技醫療
4130,健亞,上櫃,生技醫療
4131,晶宇,上櫃,生技醫療
4138,曜亞,上櫃,生技醫療
4139,馬光-KY,上櫃,生技醫療
4152,台微體,上櫃,生技醫療
4153,鈺緯,上櫃,生技醫療
4154,康樂-KY,上櫃,生技醫療
4157,太景*-KY,上櫃,生技醫療
4160,創源,上櫃,生技醫療
4161,聿新科,上櫃,生技醫療
4162,智擎,上櫃,生技醫療
4163,鐿鈦,上櫃,生技醫療
4168,醣聯,上櫃,生技醫療
4173,久裕,上櫃,生技醫療
4175,杏一,上櫃,生技醫療
4180,安成藥,上櫃,生技醫療
4726,永昕,上櫃,生技醫療
4728,雙美,上櫃,生技醫療
4735,豪展,上櫃,生技醫療
4736,泰博,上櫃,生技醫療
4743,合一,上櫃,生技醫療
4745,合富-KY,上櫃,生技醫療
4747,強生,上櫃,生技醫療
4911,德英,上櫃,生技醫療
6130,基因,上櫃,生技醫療
6242,立康,上櫃,生技醫療
8403,盛弘,上櫃,生技醫療
8406,金可-KY,上櫃,生技醫療
8409,商之器,上櫃,生技醫療
8432,東生華,上櫃,生技醫療
8436,大江,上櫃,生技醫療
2035,唐榮,上櫃,鋼鐵
2063,世鎧,上櫃,鋼鐵
5009,榮剛,上櫃,鋼鐵
5011,久陽,上櫃,鋼鐵
5013,強新,上櫃,鋼鐵
5014,建錩,上櫃,鋼鐵
5015,華祺,上櫃,鋼鐵
5016,松和,上櫃,鋼鐵
6248,沛波,上櫃,鋼鐵
8349,恒耀,上櫃,鋼鐵
8930,青鋼,上櫃,鋼鐵
9962,有益,上櫃,鋼鐵
5102,富強,上櫃,橡膠
3073,普格,上櫃,半導體
3105,穩懋,上櫃,半導體
3141,晶宏,上櫃,半導體
3169,亞信,上櫃,半導體
3188,安茂,上櫃,半導體
3219,倚強,上櫃,半導體
3227,原相,上櫃,半導體
3228,金麗科,上櫃,半導體
3259,鑫創,上櫃,半導體
3260,威剛,上櫃,半導體
3264,欣銓,上櫃,半導體
3265,台星科,上櫃,半導體
3268,海德威,上櫃,半導體
3291,遠翔科,上櫃,半導體
3317,尼克森,上櫃,半導體
3372,典範,上櫃,半導體
3438,類比科,上櫃,半導體
3527,聚積,上櫃,半導體
3529,力旺,上櫃,半導體
3553,力積,上櫃,半導體
3555,重鳥鵬,上櫃,半導體
3556,禾瑞亞,上櫃,半導體
3567,逸昌,上櫃,半導體
3658,漢微科,上櫃,半導體
3675,德微,上櫃,半導體
3680,家登,上櫃,半導體
4947,昂寶-KY,上櫃,半導體
4966,譜瑞-KY,上櫃,半導體
4971,IET-KY,上櫃,半導體
4973,廣穎,上櫃,半導體
5272,笙科,上櫃,半導體
5274,信驊,上櫃,半導體
5302,太欣,上櫃,半導體
5314,世紀,上櫃,半導體
5344,立衛,上櫃,半導體
5347,世界,上櫃,半導體
5351,鈺創,上櫃,半導體
5425,台半,上櫃,半導體
5455,訊利電,上櫃,半導體
5468,凱鈺,上櫃,半導體
5483,中美晶,上櫃,半導體
5487,通泰,上櫃,半導體
6103,合邦,上櫃,半導體
6104,創惟,上櫃,半導體
6129,普誠,上櫃,半導體
6138,茂達,上櫃,半導體
6147,頎邦,上櫃,半導體
6182,合晶,上櫃,半導體
6198,凌泰,上櫃,半導體
6223,旺矽,上櫃,半導體
6229,研通,上櫃,半導體
6233,旺玖,上櫃,半導體
6237,驊訊,上櫃,半導體
6261,久元,上櫃,半導體
6287,元隆,上櫃,半導體
6291,沛亨,上櫃,半導體
6411,晶焱,上櫃,半導體
8024,佑華,上櫃,半導體
8040,九暘,上櫃,半導體
8054,安國,上櫃,半導體
8079,誠遠,上櫃,半導體
8086,宏捷科,上櫃,半導體
8088,品安,上櫃,半導體
8277,商丞,上櫃,半導體
1569,濱川,上櫃,電腦及週邊設備
3071,協禧,上櫃,電腦及週邊設備
3088,艾訊,上櫃,電腦及週邊設備
3211,順達,上櫃,電腦及週邊設備
3213,茂訊,上櫃,電腦及週邊設備
3287,廣寰科,上櫃,電腦及週邊設備
3323,加百裕,上櫃,電腦及週邊設備
3325,旭品,上櫃,電腦及週邊設備
3479,安勤,上櫃,電腦及週邊設備
3483,力致,上櫃,電腦及週邊設備
3521,鴻翊,上櫃,電腦及週邊設備
3540,曜越,上櫃,電腦及週邊設備
3577,泓格,上櫃,電腦及週邊設備
3594,磐儀,上櫃,電腦及週邊設備
3611,鼎翰,上櫃,電腦及週邊設備
3625,西勝,上櫃,電腦及週邊設備
3652,精聯,上櫃,電腦及週邊設備
3693,營邦,上櫃,電腦及週邊設備
4924,欣厚-KY,上櫃,電腦及週邊設備
4987,科誠,上櫃,電腦及週邊設備
5289,宜鼎,上櫃,電腦及週邊設備
5304,鼎創達,上櫃,電腦及週邊設備
5356,協益,上櫃,電腦及週邊設備
5384,捷元,上櫃,電腦及週邊設備
5386,青雲,上櫃,電腦及週邊設備
5426,振發,上櫃,電腦及週邊設備
5438,東友,上櫃,電腦及週邊設備
5450,寶聯通,上櫃,電腦及週邊設備
5465,富驊,上櫃,電腦及週邊設備
5474,聰泰,上櫃,電腦及週邊設備
5490,同亨,上櫃,電腦及週邊設備
6105,瑞傳,上櫃,電腦及週邊設備
6121,新普,上櫃,電腦及週邊設備
6123,上奇,上櫃,電腦及週邊設備
6150,撼訊,上櫃,電腦及週邊設備
6160,欣技,上櫃,電腦及週邊設備
6161,捷波,上櫃,電腦及週邊設備
6188,廣明,上櫃,電腦及週邊設備
6222,上揚,上櫃,電腦及週邊設備
6228,全譜,上櫃,電腦及週邊設備
6276,安鈦克,上櫃,電腦及週邊設備
6298,崴強,上櫃,電腦及週邊設備
8050,廣積,上櫃,電腦及週邊設備
8076,伍豐,上櫃,電腦及週邊設備
8234,新漢,上櫃,電腦及週邊設備
8299,群聯,上櫃,電腦及週邊設備
8410,森田,上櫃,電腦及週邊設備
3066,李洲,上櫃,光電
3128,昇銳,上櫃,光電
3230,錦明,上櫃,光電
3297,杭特,上櫃,光電
3339,泰谷,上櫃,光電
3362,先進光,上櫃,光電
3428,光燿科,上櫃,光電
3434,哲固,上櫃,光電
3441,聯一光,上櫃,光電
3452,益通,上櫃,光電
3455,由田,上櫃,光電
3490,單井,上櫃,光電
3516,亞帝歐,上櫃,光電
3522,宏森,上櫃,光電
3523,迎輝,上櫃,光電
3531,先益,上櫃,光電
3562,頂晶科,上櫃,光電
3615,安可,上櫃,光電
3623,富晶通,上櫃,光電
3629,卓韋,上櫃,光電
3630,新鉅科,上櫃,光電
3685,政翔,上櫃,光電
3691,碩禾,上櫃,光電
4729,熒茂,上櫃,光電
4933,友輝,上櫃,光電
4944,兆遠,上櫃,光電
4972,湯石,上櫃,光電
4995,晶達,上櫃,光電
5230,雷笛克光學,上櫃,光電
5251,天鉞電,上櫃,光電
5315,光聯,上櫃,光電
5371,中光電,上櫃,光電
5392,應華,上櫃,光電
5432,達威,上櫃,光電
5443,均豪,上櫃,光電
6125,廣運,上櫃,光電
6167,久正,上櫃,光電
6234,高僑,上櫃,光電
6244,茂迪,上櫃,光電
6246,臺龍,上櫃,光電
8049,晶采,上櫃,光電
8064,東捷,上櫃,光電
8069,元太,上櫃,光電
8087,華鎂鑫,上櫃,光電
8111,立碁,上櫃,光電
8240,華宏,上櫃,光電
3068,美磊,上櫃,通信網路
3095,及成,上櫃,通信網路
3152,璟德,上櫃,通信網路
3163,波若威,上櫃,通信網路
3221,台嘉碩,上櫃,通信網路
3234,光環,上櫃,通信網路
3290,東浦,上櫃,通信網路
3299,帛漢,上櫃,通信網路
3306,鼎天,上櫃,通信網路
3363,上詮,上櫃,通信網路
3431,長天,上櫃,通信網路
3466,致振,上櫃,通信網路
3491,昇達科,上櫃,通信網路
3499,環天科,上櫃,通信網路
3558,神準,上櫃,通信網路
3564,其陽,上櫃,通信網路
3632,研勤,上櫃,通信網路
3664,安瑞-KY,上櫃,通信網路
3684,榮昌,上櫃,通信網路
4903,聯光通,上櫃,通信網路
4905,台聯電,上櫃,通信網路
4908,前鼎,上櫃,通信網路
4909,新復興,上櫃,通信網路
4979,華星光,上櫃,通信網路
5348,系通,上櫃,通信網路
5353,台林,上櫃,通信網路
6109,亞元,上櫃,通信網路
6143,振曜,上櫃,通信網路
6163,華電網,上櫃,通信網路
6170,統振,上櫃,通信網路
6190,萬泰科,上櫃,通信網路
6218,豪勉,上櫃,通信網路
6241,易通展,上櫃,通信網路
6245,立端,上櫃,通信網路
6263,普萊德,上櫃,通信網路
8034,榮群,上櫃,通信網路
8048,德勝,上櫃,通信網路
8059,凱碩,上櫃,通信網路
8082,漢承泰,上櫃,通信網路
8097,常珵,上櫃,通信網路
8171,天宇,上櫃,通信網路
8176,智捷,上櫃,通信網路
1333,恩得利,上櫃,電子零組件
1336,台翰,上櫃,電子零組件
1595,川寶,上櫃,電子零組件
1815,富喬,上櫃,電子零組件
3078,僑威,上櫃,電子零組件
3089,遠昇,上櫃,電子零組件
3092,鴻碩,上櫃,電子零組件
3114,好德,上櫃,電子零組件
3115,寶島極,上櫃,電子零組件
3144,新揚科,上櫃,電子零組件
3191,和進,上櫃,電子零組件
3202,樺晟,上櫃,電子零組件
3206,志豐,上櫃,電子零組件
3207,耀勝,上櫃,電子零組件
3217,優群,上櫃,電子零組件
3236,千如,上櫃,電子零組件
3276,宇環,上櫃,電子零組件
3288,點晶,上櫃,電子零組件
3294,英濟,上櫃,電子零組件
3310,佳穎,上櫃,電子零組件
3313,斐成,上櫃,電子零組件
3322,建舜電,上櫃,電子零組件
3332,幸康,上櫃,電子零組件
3354,律勝,上櫃,電子零組件
3388,崇越電,上櫃,電子零組件
3390,旭軟,上櫃,電子零組件
3465,祥業,上櫃,電子零組件
3484,崧騰,上櫃,電子零組件
3511,矽瑪,上櫃,電子零組件
3512,能緹,上櫃,電子零組件
3520,振維,上櫃,電子零組件
3526,凡甲,上櫃,電子零組件
3537,堡達,上櫃,電子零組件
3548,兆利,上櫃,電子零組件
3609,東林,上櫃,電子零組件
3624,光頡,上櫃,電子零組件
3631,晟楠,上櫃,電子零組件
3646,艾恩特,上櫃,電子零組件
3689,湧德,上櫃,電子零組件
4939,亞電,上櫃,電子零組件
4974,亞泰,上櫃,電子零組件
5227,立凱-KY,上櫃,電子零組件
5309,系統電,上櫃,電子零組件
5317,凱美,上櫃,電子零組件
5321,友銓,上櫃,電子零組件
5328,華容,上櫃,電子零組件
5340,建榮,上櫃,電子零組件
5345,天揚,上櫃,電子零組件
5349,先豐,上櫃,電子零組件
5355,佳總,上櫃,電子零組件
5381,合正,上櫃,電子零組件
5398,力瑋,上櫃,電子零組件
5439,高技,上櫃,電子零組件
5457,宣德,上櫃,電子零組件
5460,同協,上櫃,電子零組件
5464,霖宏,上櫃,電子零組件
5475,德宏,上櫃,電子零組件
5480,統盟,上櫃,電子零組件
5481,華韡,上櫃,電子零組件
5488,松普,上櫃,電子零組件
5491,連展,上櫃,電子零組件
5498,凱崴,上櫃,電子零組件
6101,弘捷,上櫃,電子零組件
6107,華美,上櫃,電子零組件
6114,久威,上櫃,電子零組件
6124,業強,上櫃,電子零組件
6126,信音,上櫃,電子零組件
6127,九豪,上櫃,電子零組件
6134,萬旭,上櫃,電子零組件
6156,松上,上櫃,電子零組件
6158,禾昌,上櫃,電子零組件
6173,信昌電,上櫃,電子零組件
6174,安碁,上櫃,電子零組件
6175,立敦,上櫃,電子零組件
6185,幃翔,上櫃,電子零組件
6194,育富,上櫃,電子零組件
6203,海韻電,上櫃,電子零組件
6204,艾華,上櫃,電子零組件
6207,雷科,上櫃,電子零組件
6208,日揚,上櫃,電子零組件
6210,慶生,上櫃,電子零組件
6217,中探針,上櫃,電子零組件
6220,岳豐,上櫃,電子零組件
6259,百徽,上櫃,電子零組件
6266,泰詠,上櫃,電子零組件
6274,台燿,上櫃,電子零組件
6279,胡連,上櫃,電子零組件
6284,佳邦,上櫃,電子零組件
6290,良維,上櫃,電子零組件
6292,迅德,上櫃,電子零組件
8038,長園科,上櫃,電子零組件
8042,金山電,上櫃,電子零組件
8043,蜜望實,上櫃,電子零組件
8071,能率豐,上櫃,電子零組件
8074,鉅橡,上櫃,電子零組件
8080,奧斯特,上櫃,電子零組件
8091,翔名,上櫃,電子零組件
8093,保銳,上櫃,電子零組件
8109,博大,上櫃,電子零組件
8121,越峰,上櫃,電子零組件
8147,正淩,上櫃,電子零組件
8155,博智,上櫃,電子零組件
8182,加高,上櫃,電子零組件
8287,英格爾,上櫃,電子零組件
8289,泰藝,上櫃,電子零組件
8291,尚茂,上櫃,電子零組件
8358,金居,上櫃,電子零組件
3224,三顧,上櫃,電子通路
3232,昱捷,上櫃,電子通路
3360,尚立,上櫃,電子通路
3444,利機,上櫃,電子通路
6113,亞矽,上櫃,電子通路
6118,建達,上櫃,電子通路
6154,順發,上櫃,電子通路
6227,茂綸,上櫃,電子通路
6265,方土昶,上櫃,電子通路
6270,倍微,上櫃,電子通路
8032,光菱,上櫃,電子通路
8067,志旭,上櫃,電子通路
8068,全達,上櫃,電子通路
8084,巨虹,上櫃,電子通路
8096,擎亞,上櫃,電子通路
3085,久大,上櫃,資訊服務
3570,大塚,上櫃,資訊服務
4953,緯軟,上櫃,資訊服務
4965,商店街,上櫃,資訊服務
5201,凱衛,上櫃,資訊服務
5202,力新,上櫃,資訊服務
5209,新鼎,上櫃,資訊服務
5210,寶碩,上櫃,資訊服務
5211,蒙恬,上櫃,資訊服務
5212,凌網,上櫃,資訊服務
5287,數字,上櫃,資訊服務
5310,天剛,上櫃,資訊服務
5403,中菲,上櫃,資訊服務
5410,國眾,上櫃,資訊服務
6140,訊達,上櫃,資訊服務
6148,驊宏資,上櫃,資訊服務
6221,晉泰,上櫃,資訊服務
6231,系微,上櫃,資訊服務
6240,松崗,上櫃,資訊服務
8044,網家,上櫃,資訊服務
8099,大世科,上櫃,資訊服務
8416,實威,上櫃,資訊服務
1785,光洋科,上櫃,其他電子
3067,全域,上櫃,其他電子
3093,港建,上櫃,其他電子
3131,弘塑,上櫃,其他電子
3285,微端,上櫃,其他電子
3289,宜特,上櫃,其他電子
3303,岱稜,上櫃,其他電子
3324,雙鴻,上櫃,其他電子
3373,熱映,上櫃,其他電子
3402,漢科,上櫃,其他電子
3498,陽程,上櫃,其他電子
3508,位速,上櫃,其他電子
3541,西柏,上櫃,其他電子
3551,世禾,上櫃,其他電子
3552,同致,上櫃,其他電子
3563,牧德,上櫃,其他電子
3580,友威科,上櫃,其他電子
3587,閎康,上櫃,其他電子
3628,盈正,上櫃,其他電子
3642,駿熠電,上櫃,其他電子
3663,鑫科,上櫃,其他電子
5205,漢康,上櫃,其他電子
5383,金利,上櫃,其他電子
5452,佶優,上櫃,其他電子
5489,彩富,上櫃,其他電子
5493,三聯,上櫃,其他電子
5536,聖暉,上櫃,其他電子
6146,耕興,上櫃,其他電子
6151,晉倫,上櫃,其他電子
6187,萬潤,上櫃,其他電子
6238,勝麗,上櫃,其他電子
6247,淇譽電,上櫃,其他電子
6275,元山,上櫃,其他電子
8047,星雲,上櫃,其他電子
8085,福華,上櫃,其他電子
8092,建暐,上櫃,其他電子
8183,精星,上櫃,其他電子
8383,千附,上櫃,其他電子
2596,綠意,上櫃,建材營造
3489,森寶,上櫃,建材營造
4113,聯上,上櫃,建材營造
4416,三圓,上櫃,建材營造
4907,富宇,上櫃,建材營造
5206,坤悅,上櫃,建材營造
5213,亞昕,上櫃,建材營造
5324,士開,上櫃,建材營造
5508,永信建,上櫃,建材營造
5511,德昌,上櫃,建材營造
5512,力麒,上櫃,建材營造
5514,三豐,上櫃,建材營造
5516,雙喜,上櫃,建材營造
5520,力泰,上櫃,建材營造
5523,豐謙,上櫃,建材營造
5529,志嘉,上櫃,建材營造
6171,亞銳士,上櫃,建材營造
6186,新潤,上櫃,建材營造
6212,理銘,上櫃,建材營造
6219,富旺,上櫃,建材營造
6264,富裔,上櫃,建材營造
8424,惠普,上櫃,建材營造
2636,台驊,上櫃,航運業
5601,台聯櫃,上櫃,航運業
5603,陸海,上櫃,航運業
5604,中連貨,上櫃,航運業
5609,中菲行,上櫃,航運業
1259,安心,上櫃,觀光
2718,晶悅,上櫃,觀光
2719,燦星旅,上櫃,觀光
2724,富驛-KY,上櫃,觀光
2729,瓦城,上櫃,觀光
2734,易飛網,上櫃,觀光
5301,寶得利,上櫃,觀光
5364,力麗店,上櫃,觀光
5701,劍湖山,上櫃,觀光
5703,亞都,上櫃,觀光
5704,老爺知,上櫃,觀光
5820,日盛金,上櫃,金融
6015,宏遠證,上櫃,金融
6016,康和證,上櫃,金融
6020,大展證,上櫃,金融
6021,大慶證,上櫃,金融
6022,大眾證,上櫃,金融
6023,元大期,上櫃,金融
6024,群益期,上櫃,金融
2916,滿心,上櫃,貿易百貨
2924,東凌-KY,上櫃,貿易百貨
3171,新洲,上櫃,貿易百貨
5902,德記,上櫃,貿易百貨
5903,全家,上櫃,貿易百貨
5904,寶雅,上櫃,貿易百貨
5905,南仁湖,上櫃,貿易百貨
6195,詩肯,上櫃,貿易百貨
8066,來思達,上櫃,貿易百貨
8433,弘帆,上櫃,貿易百貨
8941,關中,上櫃,貿易百貨
9960,邁達康,上櫃,貿易百貨
8908,欣雄,上櫃,油電燃氣
8917,欣泰,上櫃,油電燃氣
8927,北基,上櫃,油電燃氣
8931,大汽電,上櫃,油電燃氣
2926,誠品生,上櫃,文化創意
3064,泰偉,上櫃,文化創意
3083,網龍,上櫃,文化創意
3086,華義,上櫃,文化創意
3293,鈊象,上櫃,文化創意
3546,宇峻,上櫃,文化創意
3662,樂陞,上櫃,文化創意
3687,歐買尬,上櫃,文化創意
4946,辣椒,上櫃,文化創意
5263,智崴,上櫃,文化創意
5278,尚凡,上櫃,文化創意
5478,智冠,上櫃,文化創意
6111,大宇資,上櫃,文化創意
6144,得利影,上櫃,文化創意
6169,昱泉,上櫃,文化創意
6180,橘子,上櫃,文化創意
8446,華研,上櫃,文化創意
8923,時報,上櫃,文化創意
9949,琉園,上櫃,文化創意
6199,天品,上櫃,管理
911613,特藝-DR,上櫃,存託憑證
1584,精剛,上櫃,其他
2221,大甲,上櫃,其他
2640,大車隊,上櫃,其他
3252,海灣,上櫃,其他
3284,太普高,上櫃,其他
4430,耀億,上櫃,其他
4529,昶洧,上櫃,其他
4950,牧東,上櫃,其他
5306,桂盟,上櫃,其他
5312,寶島科,上櫃,其他
5395,圓方,上櫃,其他
5530,龍巖,上櫃,其他
6179,亞通,上櫃,其他
6236,康呈,上櫃,其他
6294,智基,上櫃,其他
6803,崑鼎,上櫃,其他
8390,金益鼎,上櫃,其他
8401,白紗科,上櫃,其他
8418,捷必勝-KY,上櫃,其他
8421,旭源,上櫃,其他
8423,保綠-KY,上櫃,其他
8426,紅木-KY,上櫃,其他
8435,鉅邁,上櫃,其他
8905,裕國,上櫃,其他
8906,花王,上櫃,其他
8913,全銓,上櫃,其他
8916,光隆,上櫃,其他
8921,沈氏,上櫃,其他
8924,大田,上櫃,其他
8925,偉盟,上櫃,其他
8928,鉅明,上櫃,其他
8929,富堡,上櫃,其他
8932,宏大,上櫃,其他
8933,愛地雅,上櫃,其他
8934,衡平,上櫃,其他
8935,邦泰,上櫃,其他
8936,國統,上櫃,其他
8937,合騏,上櫃,其他
8938,明安,上櫃,其他
8942,森鉅,上櫃,其他
